-- phpMyAdmin SQL Dump
-- version 5.2.1
-- https://www.phpmyadmin.net/
--
-- Host: localhost
-- Waktu pembuatan: 05 Nov 2023 pada 13.36
-- Versi server: 10.4.28-MariaDB
-- Versi PHP: 8.2.4

SET SQL_MODE = "NO_AUTO_VALUE_ON_ZERO";
START TRANSACTION;
SET time_zone = "+00:00";


/*!40101 SET @OLD_CHARACTER_SET_CLIENT=@@CHARACTER_SET_CLIENT */;
/*!40101 SET @OLD_CHARACTER_SET_RESULTS=@@CHARACTER_SET_RESULTS */;
/*!40101 SET @OLD_COLLATION_CONNECTION=@@COLLATION_CONNECTION */;
/*!40101 SET NAMES utf8mb4 */;

--
-- Database: `ECANTEEN`
--

-- --------------------------------------------------------

--
-- Struktur dari tabel `ACCOUNTS`
--

CREATE TABLE `ACCOUNTS` (
  `ID_ACCOUNT` char(25) NOT NULL,
  `NAMA_BANK` enum('BCA','BRI','BNI','MANDIRI','DANA','OVO','SEABANK','GOPAY') NOT NULL,
  `NOMOR_REKENING` char(20) NOT NULL,
  `NAMA_PEMILIK` varchar(50) NOT NULL,
  `ID_USER` char(20) NOT NULL,
  `CREATED_AT` timestamp NOT NULL DEFAULT current_timestamp(),
  `DELETED_AT` datetime DEFAULT NULL
) ENGINE=InnoDB DEFAULT CHARSET=utf8mb4 COLLATE=utf8mb4_general_ci;

--
-- Dumping data untuk tabel `ACCOUNTS`
--

INSERT INTO `ACCOUNTS` (`ID_ACCOUNT`, `NAMA_BANK`, `NOMOR_REKENING`, `NAMA_PEMILIK`, `ID_USER`, `CREATED_AT`, `DELETED_AT`) VALUES
('ACC-AMITWXZ72YLYDYJBCL0ZX', 'BNI', '67676767', 'Samsul Arifin', 'USRS-IS6M1JPM3JGMGMH', '2023-10-29 16:19:55', NULL),
('ACC-IKY2SDLV6AHVBLTKTABH7', 'GOPAY', '669966996699', 'Budi Doremi', 'USRS-IS6M1JPM3JGMGMH', '2023-10-30 05:52:34', NULL),
('ACC-W46BEG3C4PNG5VBL36FK9', 'MANDIRI', '856667366637', 'Mak Ita', 'USRS-YNAM5EBZH1NDBZ0', '2023-11-02 14:24:51', NULL),
('ACC-YULODFII7R70KJBVO1RJF', 'DANA', '089664345784', 'Mak Siti', 'USRS-YNAM5EBZH1NDBZ0', '2023-11-02 14:25:06', NULL);

-- --------------------------------------------------------

--
-- Struktur dari tabel `CANTEEN_PROFILES`
--

CREATE TABLE `CANTEEN_PROFILES` (
  `ID_CANTEEN_PROFILE` char(20) NOT NULL,
  `NAMA_CANTEEN` varchar(150) NOT NULL,
  `BANNER` varchar(85) NOT NULL,
  `JAM_BUKA` char(5) NOT NULL,
  `JAM_TUTUP` char(5) NOT NULL,
  `NOMOR_CANTEEN` tinyint(4) NOT NULL,
  `STATUS_BUKA` enum('BUKA','TUTUP') NOT NULL DEFAULT 'BUKA',
  `ID_PROFILE` char(20) NOT NULL
) ENGINE=InnoDB DEFAULT CHARSET=utf8mb4 COLLATE=utf8mb4_general_ci;

--
-- Dumping data untuk tabel `CANTEEN_PROFILES`
--

INSERT INTO `CANTEEN_PROFILES` (`ID_CANTEEN_PROFILE`, `NAMA_CANTEEN`, `BANNER`, `JAM_BUKA`, `JAM_TUTUP`, `NOMOR_CANTEEN`, `STATUS_BUKA`, `ID_PROFILE`) VALUES
('CNTN-EGB9EASNNFBKLYV', 'Warkop Pak Gatot', '16986516971698651697_aae5b24f3c258b000c92.png', '08:00', '23:59', 2, 'BUKA', 'USRS-IS6M1JPM3JGMGMH'),
('CNTN-KNYXNJO5P30ZAON', 'Warung Penyet Bang Ali', '16982898151698289815_c30a5f819b705ea3ff45.jpg', '08:00', '23:59', 3, 'TUTUP', 'USRS-YNAM5EBZH1NDBZ0');

-- --------------------------------------------------------

--
-- Struktur dari tabel `DETAIL_TRANSACTIONS`
--

CREATE TABLE `DETAIL_TRANSACTIONS` (
  `ID_TRANSACTION` char(20) NOT NULL,
  `ID_MENU` char(25) NOT NULL,
  `JUMLAH` int(11) NOT NULL
) ENGINE=InnoDB DEFAULT CHARSET=utf8mb4 COLLATE=utf8mb4_general_ci;

--
-- Dumping data untuk tabel `DETAIL_TRANSACTIONS`
--

INSERT INTO `DETAIL_TRANSACTIONS` (`ID_TRANSACTION`, `ID_MENU`, `JUMLAH`) VALUES
('WQTUITHB872926774319', 'MENUS-KRS2FB9HA9D2RSLJW2H', 2),
('KEJNHUUP314743638397', 'MENUS-RYSCHLTNZOB7NTXNLPD', 2),
('KEJNHUUP314743638397', 'MENUS-48J5SYKVOERM4YA5NLD', 1),
('KEJNHUUP314743638397', 'MENUS-KRS2FB9HA9D2RSLJW2H', 1),
('DCUJEZRJ517556113646', 'MENUS-THHLR5DKXAIGHWICQAY', 1),
('YEVVIVEJ224649327253', 'MENUS-48J5SYKVOERM4YA5NLD', 1),
('RKFMWPBN976285643329', 'MENUS-48J5SYKVOERM4YA5NLD', 3),
('TOKSFCGW487288548145', 'MENUS-RYSCHLTNZOB7NTXNLPD', 3);

-- --------------------------------------------------------

--
-- Struktur dari tabel `MENUS`
--

CREATE TABLE `MENUS` (
  `ID_MENU` char(25) NOT NULL,
  `NAMA_MENU` varchar(100) NOT NULL,
  `HARGA` int(11) NOT NULL,
  `GAMBAR` char(85) NOT NULL,
  `STOK` int(11) NOT NULL,
  `ID_CANTEEN_PROFILE` char(20) NOT NULL,
  `CREATED_AT` timestamp NOT NULL DEFAULT current_timestamp(),
  `DELETED_AT` datetime DEFAULT NULL
) ENGINE=InnoDB DEFAULT CHARSET=utf8mb4 COLLATE=utf8mb4_general_ci;

--
-- Dumping data untuk tabel `MENUS`
--

INSERT INTO `MENUS` (`ID_MENU`, `NAMA_MENU`, `HARGA`, `GAMBAR`, `STOK`, `ID_CANTEEN_PROFILE`, `CREATED_AT`, `DELETED_AT`) VALUES
('MENUS-48J5SYKVOERM4YA5NLD', '[PAKET] Mie Ayam + Es Teh', 13000, '16984863931698486393_647e2261099f954f412a.png', 7, 'CNTN-EGB9EASNNFBKLYV', '2023-10-28 09:34:56', NULL),
('MENUS-KBPPFYCQEARIB0WOFXM', 'Mie Ayam Jumbo', 15000, '16988174701698817470_ee28b96993f61519aac4.png', 15, 'CNTN-EGB9EASNNFBKLYV', '2023-11-01 05:45:22', NULL),
('MENUS-KRS2FB9HA9D2RSLJW2H', '[PAKET] Mie Ayam Ceker + Es Teh', 15000, '16984854811698485481_b753878cf09079ee568f.png', 7, 'CNTN-EGB9EASNNFBKLYV', '2023-10-28 09:31:21', NULL),
('MENUS-RYSCHLTNZOB7NTXNLPD', 'Kopi Susu', 5000, '16987564931698756493_4bb84f6bc333e8c0f0cf.webp', 0, 'CNTN-EGB9EASNNFBKLYV', '2023-10-31 12:48:13', NULL),
('MENUS-THHLR5DKXAIGHWICQAY', 'Kopi Berak Luwak', 14500, '16989350591698935059_4681c79bb93e72007bb0.png', 29, 'CNTN-KNYXNJO5P30ZAON', '2023-11-02 14:24:19', '2023-11-03 23:19:40'),
('MENUS-URILNUIJL1KM6QCRDSG', 'Mie Ayam', 10000, '16984704231698470423_449d5613cf544be68382.png', 100, 'CNTN-EGB9EASNNFBKLYV', '2023-10-28 05:20:23', '2023-11-01 12:44:30'),
('MENUS-UWJKMDYHAGQ98ACFPZN', 'Mie Ayam Pentol', 12000, '16988174701698817470_ee28b96993f61519aac4.png', 15, 'CNTN-EGB9EASNNFBKLYV', '2023-11-01 05:44:30', '2023-11-01 12:45:22');

-- --------------------------------------------------------

--
-- Struktur dari tabel `PROFILES`
--

CREATE TABLE `PROFILES` (
  `ID_PROFILE` char(20) NOT NULL,
  `NAMA_LENGKAP` varchar(150) NOT NULL,
  `TELEPON` char(13) NOT NULL,
  `FOTO` varchar(85) DEFAULT NULL
) ENGINE=InnoDB DEFAULT CHARSET=utf8mb4 COLLATE=utf8mb4_general_ci;

--
-- Dumping data untuk tabel `PROFILES`
--

INSERT INTO `PROFILES` (`ID_PROFILE`, `NAMA_LENGKAP`, `TELEPON`, `FOTO`) VALUES
('USRS-2MXQXCVGO3FAJEP', 'Joshua Christian Oetomo', '089773635362', '16986591311698659131_63b6329a8d8a3316ed45.png'),
('USRS-IS6M1JPM3JGMGMH', 'Gatot Subroto', '085221349464', '16986593041698659304_53a0f6030729e677664c.png'),
('USRS-QU5GVQBRKESP9VJ', 'Chaulina Alfianti', '082333643676', '16989348891698934889_4008ee4e516e2395e854.png'),
('USRS-YNAM5EBZH1NDBZ0', 'Ali Zainal Abidin', '089773637362', '16989352641698935264_4bbb407c6b0447f5f605.png');

-- --------------------------------------------------------

--
-- Struktur dari tabel `TRANSACTIONS`
--

CREATE TABLE `TRANSACTIONS` (
  `ID_TRANSACTION` char(20) NOT NULL,
  `TEMPAT_PENGANTARAN` varchar(50) NOT NULL,
  `STATUS` enum('BELUM_BAYAR','BARU','SELESAI','DITOLAK','DISIAPKAN') NOT NULL,
  `CATATAN` varchar(100) DEFAULT NULL,
  `ID_ACCOUNT` char(25) DEFAULT NULL,
  `ID_CANTEEN_PROFILE` char(20) NOT NULL,
  `ID_USER` char(20) NOT NULL,
  `BUKTI_PEMBAYARAN` varchar(85) DEFAULT NULL,
  `WAKTU_DISIAPKAN` char(5) DEFAULT NULL,
  `CREATED_AT` timestamp NOT NULL DEFAULT current_timestamp()
) ENGINE=InnoDB DEFAULT CHARSET=utf8mb4 COLLATE=utf8mb4_general_ci;

--
-- Dumping data untuk tabel `TRANSACTIONS`
--

INSERT INTO `TRANSACTIONS` (`ID_TRANSACTION`, `TEMPAT_PENGANTARAN`, `STATUS`, `CATATAN`, `ID_ACCOUNT`, `ID_CANTEEN_PROFILE`, `ID_USER`, `BUKTI_PEMBAYARAN`, `WAKTU_DISIAPKAN`, `CREATED_AT`) VALUES
('DCUJEZRJ517556113646', 'Meja 04', 'SELESAI', NULL, 'ACC-YULODFII7R70KJBVO1RJF', 'CNTN-KNYXNJO5P30ZAON', 'USRS-QU5GVQBRKESP9VJ', '16990283021699028302_bedf8b1547eb17d64149.png', '23:19', '2023-11-03 16:17:42'),
('KEJNHUUP314743638397', 'Ruang A.2.1', 'SELESAI', NULL, 'ACC-IKY2SDLV6AHVBLTKTABH7', 'CNTN-EGB9EASNNFBKLYV', 'USRS-QU5GVQBRKESP9VJ', '16989349421698934942_47386181fe663c807567.png', '22:49', '2023-11-02 14:22:06'),
('RKFMWPBN976285643329', 'Meja 03', 'SELESAI', NULL, NULL, 'CNTN-EGB9EASNNFBKLYV', 'USRS-2MXQXCVGO3FAJEP', NULL, '00:36', '2023-11-04 17:34:51'),
('TOKSFCGW487288548145', 'Meja 03', 'DISIAPKAN', NULL, 'ACC-AMITWXZ72YLYDYJBCL0ZX', 'CNTN-EGB9EASNNFBKLYV', 'USRS-2MXQXCVGO3FAJEP', '16991863191699186319_0e3803fb799c5b563531.png', '19:12', '2023-11-05 12:11:16'),
('WQTUITHB872926774319', 'Meja 03', 'SELESAI', NULL, 'ACC-AMITWXZ72YLYDYJBCL0ZX', 'CNTN-EGB9EASNNFBKLYV', 'USRS-2MXQXCVGO3FAJEP', '16990285301699028530_1c6cae1de16262965b3a.png', '23:23', '2023-11-02 08:23:49'),
('YEVVIVEJ224649327253', 'Meja 02', 'SELESAI', NULL, NULL, 'CNTN-EGB9EASNNFBKLYV', 'USRS-2MXQXCVGO3FAJEP', NULL, '23:23', '2023-11-02 16:21:53');

-- --------------------------------------------------------

--
-- Struktur dari tabel `USERS`
--

CREATE TABLE `USERS` (
  `ID_USER` char(20) NOT NULL,
  `USERNAME` varchar(25) NOT NULL,
  `EMAIL` varchar(50) NOT NULL,
  `PASSWORD` varchar(60) NOT NULL,
  `LEVEL` enum('PENJUAL','MAHASISWA','DOSEN') NOT NULL,
  `TOKEN` varchar(180) DEFAULT NULL,
  `CREATED_AT` timestamp NOT NULL DEFAULT current_timestamp(),
  `DELETED_AT` datetime DEFAULT NULL
) ENGINE=InnoDB DEFAULT CHARSET=utf8mb4 COLLATE=utf8mb4_general_ci;

--
-- Dumping data untuk tabel `USERS`
--

INSERT INTO `USERS` (`ID_USER`, `USERNAME`, `EMAIL`, `PASSWORD`, `LEVEL`, `TOKEN`, `CREATED_AT`, `DELETED_AT`) VALUES
('USRS-2MXQXCVGO3FAJEP', 'MHS01', 'joshua@mhs.stiki.ac.id', '$2y$10$94fetC7STBK0Bbynhc5qlenQg9xSdgZ2dpuMcFwvgJE0YLBkyW43m', 'MAHASISWA', 'dQGCl8alQWqaiwF2k1KXIz:APA91bF5h3EcAIRIZLuOfy2p2SFxafBVJQGCTC8MfMCWc1-rgcHy_7WkkSiZ363fNARP9FLq9zi7bLa9NARhj818gGzR3RYgAd0W2pqcvROZ5TPLH-J9S0RDHVNrIjB-a8AmEp8NLl3U', '2023-10-28 06:02:58', NULL),
('USRS-IS6M1JPM3JGMGMH', 'CNTN13050', 'gatotsb@kantin.stiki.ac.id', '$2y$10$94fetC7STBK0Bbynhc5qlenQg9xSdgZ2dpuMcFwvgJE0YLBkyW43m', 'PENJUAL', 'dQGCl8alQWqaiwF2k1KXIz:APA91bF5h3EcAIRIZLuOfy2p2SFxafBVJQGCTC8MfMCWc1-rgcHy_7WkkSiZ363fNARP9FLq9zi7bLa9NARhj818gGzR3RYgAd0W2pqcvROZ5TPLH-J9S0RDHVNrIjB-a8AmEp8NLl3U', '2023-10-27 11:11:35', NULL),
('USRS-QU5GVQBRKESP9VJ', 'chaulina', 'chaulina@stiki.ac.id', '$2y$10$94fetC7STBK0Bbynhc5qlenQg9xSdgZ2dpuMcFwvgJE0YLBkyW43m', 'DOSEN', 'dQGCl8alQWqaiwF2k1KXIz:APA91bF5h3EcAIRIZLuOfy2p2SFxafBVJQGCTC8MfMCWc1-rgcHy_7WkkSiZ363fNARP9FLq9zi7bLa9NARhj818gGzR3RYgAd0W2pqcvROZ5TPLH-J9S0RDHVNrIjB-a8AmEp8NLl3U', '2023-11-02 14:21:04', NULL),
('USRS-YNAM5EBZH1NDBZ0', 'CNTN83772', 'alizain@kantin.stiki.ac.id', '$2y$10$pzTviyKByUNKCmlCGDZ9febjXWuuXU/U9n3GkUMUyWXpAwd796V4.', 'PENJUAL', 'dQGCl8alQWqaiwF2k1KXIz:APA91bF5h3EcAIRIZLuOfy2p2SFxafBVJQGCTC8MfMCWc1-rgcHy_7WkkSiZ363fNARP9FLq9zi7bLa9NARhj818gGzR3RYgAd0W2pqcvROZ5TPLH-J9S0RDHVNrIjB-a8AmEp8NLl3U', '2023-10-26 03:10:15', NULL);

--
-- Indexes for dumped tables
--

--
-- Indeks untuk tabel `ACCOUNTS`
--
ALTER TABLE `ACCOUNTS`
  ADD PRIMARY KEY (`ID_ACCOUNT`);

--
-- Indeks untuk tabel `CANTEEN_PROFILES`
--
ALTER TABLE `CANTEEN_PROFILES`
  ADD PRIMARY KEY (`ID_CANTEEN_PROFILE`);

--
-- Indeks untuk tabel `MENUS`
--
ALTER TABLE `MENUS`
  ADD PRIMARY KEY (`ID_MENU`);

--
-- Indeks untuk tabel `PROFILES`
--
ALTER TABLE `PROFILES`
  ADD PRIMARY KEY (`ID_PROFILE`);

--
-- Indeks untuk tabel `TRANSACTIONS`
--
ALTER TABLE `TRANSACTIONS`
  ADD PRIMARY KEY (`ID_TRANSACTION`);

--
-- Indeks untuk tabel `USERS`
--
ALTER TABLE `USERS`
  ADD PRIMARY KEY (`ID_USER`);
COMMIT;

/*!40101 SET CHARACTER_SET_CLIENT=@OLD_CHARACTER_SET_CLIENT */;
/*!40101 SET CHARACTER_SET_RESULTS=@OLD_CHARACTER_SET_RESULTS */;
/*!40101 SET COLLATION_CONNECTION=@OLD_COLLATION_CONNECTION */;
